Workbook

Sheet Start here
A1: Build, buy or host: decision matrix
A2: Advanced AI for IT | OQ | Day 1, S3 | Synthetic program material
A4: What this gives you | B4: One page a manager can read in three minutes: the gates, the scored table, the choice, and the sentence that says what would flip it. It feeds section 2 of your architecture spec.
A5: Time | B5: About 12 minutes in S3. You revise the cost row in S4 with numbers from cost_model.xlsx, and the quality row on Day 2 and Day 4 with real eval numbers.
A6: Step 1 | B6: Sheet '1 Gates': answer the five gates. A NO removes options; scores cannot buy back a failed gate. Write who answered and when.
A7: Step 2 | B7: Sheet '2 Scoring': score each option 1, 3 or 5 against the eight criteria (2 and 4 if you must). Change the weights out loud if your case needs it. They must add to 100.
A8: Step 3 | B8: Sheet '3 Defend it': write the five sentences. If you cannot write sentence 5, you have not understood your own table.
A9: Legend | B9: Yellow cells are yours to fill in. White cells are formulas or guidance: do not type over them.
A10: Example | B10: Sheet 'Worked example' shows the whole thing filled for use case brief 1, ticket triage. It is invented and it is one answer, not the answer.
A12: The four options
A13: Option | B13: What it means in practice
A14: A Buy, direct | B14: A vendor API key (OpenAI, Anthropic, Google). Fastest. Data goes to the vendor under their DPA, routed globally unless you pay for a region.
A15: B Buy, through your tenant | B15: The same models inside your cloud subscription: Azure OpenAI (Global, Data Zone or Regional), Claude in Microsoft Foundry, Bedrock. Same token prices or slightly more; your IAM, your network, your invoice.
A16: C Host, as-is | B16: An open-weight model (Llama, Qwen, Mistral) on a VM you control, served by Ollama or vLLM behind the same OpenAI-compatible API. Nothing leaves the VM.
A17: D Host, fine-tuned | B17: C plus an adapter you trained on your own examples: the Day 2 lab. The model learns your format and house conventions. You now own a model, not just a server.
A19: Build from scratch is not an option in this room. Nobody here trains a foundation model, and the week does not pretend otherwise.

Sheet 1 Gates
A1: Step 1: the gates (2 minutes)
A2: Answer before scoring anything. A NO removes options; it does not lower a score.
A4: Gate | B4: Question | C4: Answer (Yes / No) | D4: Who said so | E4: Date | F4: If NO, remove
A5: G1 | B5: May this data be processed by a vendor at all, under a data processing agreement, even inside your own cloud tenant? | F5: A and B
A6: G2 | B6: May this data leave the country or your cloud region? | F6: A; and B unless a regional or data-zone deployment is confirmed (row 11)
A7: G3 | B7: Can the system reach the internet or the vendor endpoint from where it will run? | F7: A and B
A8: G4 | B8: Is there measured evidence that a small open-weight model reaches the quality bar (or can, with tuning)? Day 2 S12 produces it. | F8: C and D until you have the evidence
A9: G5 | B9: Is there a team that will patch, monitor and be on call for a GPU VM after the week? | F9: C and D
B11: If G2 is No: is a regional or data-zone deployment confirmed for your exact model? (Yes / No)
B13: Which options are still standing
B14: Option | C14: Removed?
B15: A Buy, direct | C15: =IF(OR(C5="No",C6="No",C7="No"),"Yes","No") -> No
B16: B Buy, through your tenant | C16: =IF(OR(C5="No",C7="No",AND(C6="No",C11<>"Yes")),"Yes","No") -> No
B17: C Host, as-is | C17: =IF(OR(C8="No",C9="No"),"Yes","No") -> No
B18: D Host, fine-tuned | C18: =IF(OR(C8="No",C9="No"),"Yes","No") -> No
B20: Write the answers down with who said so. "The data owner said yes on 2026-09-27" is a fact. "Probably fine" is not. A blank gate counts as Yes here, so fill every one.

Sheet 2 Scoring
A1: Step 2: score the four options
A2: Score 1, 3 or 5 (2 and 4 if you must). Weights must add to 100. Weighted total = sum of weight x score.
A4: # | B4: Criterion | C4: Weight | D4: A direct | E4: B tenant | F4: C host | G4: D host + tune | H4: Why (one line) | I4: Score 1 means | J4: Score 3 means | K4: Score 5 means
A5: 1 | B5: Data residency and classification: where the prompt text and outputs physically go | C5: 20 | I5: Leaves the country to a vendor's global pool | J5: Stays with a vendor in a region or data zone you chose, under a DPA | K5: Never leaves a VM in your subscription
A6: 2 | B6: Quality evidence: measured on your eval set, not on a demo | C6: 20 | I6: No measurement, or measured and fails the bar | J6: Measured on 20+ items, passes format, misses on content | K6: Measured, passes both, and the misses are understood
A7: 3 | B7: Cost at 12 months: from the cost model, including people | C7: 10 | I7: More than 5x the cheapest viable option | J7: Within 2x | K7: The cheapest viable option
A8: 4 | B8: Latency and availability: against the use case's real need | C8: 10 | I8: Depends on a path you do not control and the use case is interactive | J8: Acceptable; a vendor outage or a VM patch stops the service for an hour | K8: Meets the need with a fallback you tested
A9: 5 | B9: Operational ownership: who runs it on 2 January | C9: 15 | I9: Needs skills nobody in the team has and nobody is hiring | J9: The team can run it with a runbook and some learning | K9: Nothing to run, or the team already runs this kind of thing
A10: 6 | B10: Integration fit: IAM, network, logging, the tools it must talk to | C10: 10 | I10: Needs a new network path, a new identity, a new log pipeline | J10: Fits with one of those changed | K10: Drops into what exists
A11: 7 | B11: Lock-in and exit: cost of moving to another model in a year | C11: 5 | I11: Prompts, formats and evals would all need redoing | J11: A week of work | K11: Swap the endpoint, rerun the eval
A12: 8 | B12: Time to first value: a pilot in front of a real user | C12: 10 | I12: Months (procurement, GPU quota, training) | J12: Weeks | K12: Days
B13: Weighted total | C13: =SUM(C5:C12) -> 100 | D13: =IF(COUNT(D5:D12)<8,"",SUMPRODUCT($C$5:$C$12,D5:D12)) | E13: =IF(COUNT(E5:E12)<8,"",SUMPRODUCT($C$5:$C$12,E5:E12)) | F13: =IF(COUNT(F5:F12)<8,"",SUMPRODUCT($C$5:$C$12,F5:F12)) | G13: =IF(COUNT(G5:G12)<8,"",SUMPRODUCT($C$5:$C$12,G5:G12))
B14: Removed by a gate? (from sheet 1) | D14: ='1 Gates'!C15 -> No | E14: ='1 Gates'!C16 -> No | F14: ='1 Gates'!C17 -> No | G14: ='1 Gates'!C18 -> No
B15: Eligible total (removed = excluded) | D15: =IF(OR(D13="",D14="Yes"),"",D13) | E15: =IF(OR(E13="",E14="Yes"),"",E13) | F15: =IF(OR(F13="",F14="Yes"),"",F13) | G15: =IF(OR(G13="",G14="Yes"),"",G13)
B17: Weights check | C17: =IF(C13=100,"OK: weights add to 100","Weights add to "&C13&", not 100") -> OK: weights add to 100
B18: Highest eligible option | C18: =IF(C13<>100,"Fix the weights first",IF(COUNT(D5:G12)<32,"Score every cell first",IF(COUNT(D15:G15)=0,"Every option is removed by a gate",INDEX($D$4:$G$4,MATCH(MAX(D15:G15),D15:G15,0))&" at "&MAX(D15:G15)))) -> Score every cell first
B20: Scoring honestly
B21: Criterion 2 is where people cheat. Score it 1 until you have a number from run_eval.py or a comparable measurement. The week gives you one on Day 2 (S12) and Day 4 (S19).
B22: Criterion 5: fine-tuning adds retraining to the ops list. Every time the queue list or the schema changes, someone rebuilds the dataset and retrains. Score D lower than C unless that someone exists.
B23: Criterion 3 comes from cost_model.xlsx, with the ops labour line filled in. A cost row with no people in it is wrong.

Sheet 3 Defend it
A1: Step 3: defend it (the part the manager reads)
A2: Five sentences, in this order. Copy them into section 2 of your architecture spec.
A4: Highest eligible option from sheet 2: | C4: ='2 Scoring'!C18 -> Score every cell first
A6: # | B6: Sentence | C6: Your sentence
A7: 1 | B7: The choice "We chose B, buy through the tenant."
A8: 2 | B8: The gates Which gate removed which option, and who answered. "Nothing was removed" is an answer too.
A9: 3 | B9: What decided it The two or three criteria that made the difference, with their scores.
A10: 4 | B10: What the runner-up lost on Where the second option lost its points, in numbers.
A11: 5 | B11: What would flip it A condition that could actually happen this year, and which option wins if it does.
B13: If you cannot write sentence 5, you have not understood your own table.

Sheet Worked example
A1: Worked example: service desk ticket triage (brief 1)
A2: Invented scenario. One reasonable answer, not the answer. Totals are live formulas so you can check the arithmetic.
A4: Scenario | B4: An IT service desk at a seven-site company takes about 300 tickets a working day. An agent reads each one and fills in seven fields before it is routed. Median time to first triage is 40 minutes; on Sunday mornings it is three hours. A model proposes the record; an agent confirms or corrects. Ticket text is classified internal and sometimes contains a pasted password.
A6: Gate | B6: Answer | C6: Source
A7: G1 vendor processing at all | B7: Yes, inside our tenant, under the existing cloud DPA | C7: Data owner (invented), 2026-09-27
A8: G2 may leave the region | B8: No: must stay in a region or data zone we chose | C8: Same
A9: G3 reach the endpoint | B9: Yes; the desk tool runs in the same subscription | C9: Integration architect
A10: G4 small-model evidence | B10: Yes: tuned 1B on the held-out 20 is 20/20 schema-valid, routing 16/20, whole record 4/20 | C10: Day 2 eval, pre-baked adapter
A11: G5 someone to run a VM | B11: One platform engineer, part-time, no GPU experience | C11: Team lead
A12: G2 removes A. B stays because a data-zone deployment exists for the model family; confirm it for the specific model before go-live.
A14: # | B14: Criterion | C14: Weight | D14: A direct | E14: B tenant | F14: C host | G14: D host + tune | H14: Why
A15: 1 | B15: Data residency | C15: 20 | D15: 2 | E15: 4 | F15: 5 | G15: 5 | H15: A is global routing; B is a data zone we chose; C and D never leave the VM
A16: 2 | B16: Quality evidence | C16: 20 | D16: 4 | E16: 4 | F16: 1 | G16: 3 | H16: Hosted: 20/20 format, 6/20 whole record. Untuned 1B copies the example tag. Tuned: routing 16/20, whole record 4/20
A17: 3 | B17: Cost at 12 months | C17: 10 | D17: 5 | E17: 5 | F17: 2 | G17: 2 | H17: Cost model: $28 to $65 a year on the API; $17,233 self-hosted, a third of it people
A18: 4 | B18: Latency and availability | C18: 10 | D18: 3 | E18: 4 | F18: 3 | G18: 3 | H18: Triage is asynchronous, so all pass; A adds an internet dependency
A19: 5 | B19: Operational ownership | C19: 15 | D19: 5 | E19: 5 | F19: 2 | G19: 1 | H19: D adds retraining whenever a queue is renamed
A20: 6 | B20: Integration fit | C20: 10 | D20: 4 | E20: 5 | F20: 4 | G20: 4 | H20: All speak /v1/chat/completions; B shares IAM and network with the desk tool
A21: 7 | B21: Lock-in and exit | C21: 5 | D21: 3 | E21: 3 | F21: 5 | G21: 4 | H21: The adapter is tied to one base model and serving version
A22: 8 | B22: Time to first value | C22: 10 | D22: 5 | E22: 4 | F22: 3 | G22: 2 | H22: B needs a tenant deployment approved; D needs a labelled set and a retrain cycle
B23: Weighted total | C23: =SUM(C15:C22) -> 100 | D23: =SUMPRODUCT($C$15:$C$22,D15:D22) -> 380 | E23: =SUMPRODUCT($C$15:$C$22,E15:E22) -> 430 | F23: =SUMPRODUCT($C$15:$C$22,F15:F22) -> 295 | G23: =SUMPRODUCT($C$15:$C$22,G15:G22) -> 305
B24: Removed by a gate? | D24: Yes, G2 | E24: No | F24: No | G24: No
B26: The five sentences
B27: 1. We chose B: buy through the tenant, the same model family deployed in our subscription in a data zone we pick.
B28: 2. Gate G2 removed the direct vendor key: ticket text may not be routed globally. Nothing else was removed.
B29: 3. Residency and ownership decided it: in our tenant the data stays in a region we chose and there is nothing for us to patch.
B30: 4. Hosting lost mainly on quality evidence and ops: the tuned small model learns routing well (16/20) but is wrong on the whole record four times in five, and a GPU VM plus retraining is a job nobody has.
B31: 5. What flips it: if the data owner rules that no vendor may process ticket text (G1 = No), A and B fall away and D beats C on quality, provided the platform engineer is named as owner.
